<?xml version="1.0" encoding="ISO-8859-1"?>
<listeners xmlns="http://aitools.org/programd/4.7/bot-configuration"
    xmlns:d="http://aitools.org/programd/4.7">
    <listener class="org.aitools.programd.listener.AIMListener" enabled="false">
        <parameter name="userid" value="your-userid"/>
        <parameter name="password" value="your-password"/>
    </listener>
    <listener class="org.aitools.programd.listener.IRCListener" enabled="false">
        <parameter name="host" value="irc.freenode.net"/>
        <parameter name="port" value="6667"/>
        <parameter name="nick" value="your-nick"/>
        <parameter name="password" value="your-password"/>
        <parameter name="channel" value="#some-channel"/>
    </listener>
    <listener class="org.aitools.programd.listener.YahooListener" enabled="false">
        <parameter name="userid" value="your-userid"/>
        <parameter name="password" value="your-password"/>
    </listener>
</listeners>
